<?xml version="1.0" encoding="UTF-8"?>
<!--
        *** GENERATED FROM jax-ws.xml - DO NOT EDIT !                             ***
        *** TO MODIFY wsimport options USE Web Service node -> Edit WS Attributes ***
        *** TO CHANGE TARGETS GENERATED TO jaxws-build.xml COPY THOSE             ***
        *** TARGETS TO ../build.xml AND MODIFY THAT FILE INSTEAD                  ***

        -->
<project xmlns:xalan="http://xml.apache.org/xslt" xmlns:carproject="http://www.netbeans.org/ns/car-project/1" xmlns:jaxws="http://www.netbeans.org/ns/jax-ws/1">
    <!--
                ===================
                JAX-WS WSIMPORT SECTION
                ===================
            -->
    <target name="wsimport-init" depends="init">
        <fail if="${wsimport.bad.version}" message="WsImport ant task defined in the classpath ${j2ee.platform.wsimport.classpath} has a serious bug. See http://wiki.netbeans.org/MetroIssue for details."/>
        <mkdir dir="${build.generated.sources.dir}/jax-ws"/>
        <property name="j2ee.platform.wsimport.classpath" value="${libs.jaxws21.classpath}"/>
        <taskdef name="wsimport" classname="com.sun.tools.ws.ant.WsImport">
            <classpath path="${java.home}/../lib/tools.jar:${j2ee.platform.wsimport.classpath}"/>
        </taskdef>
    </target>
    <target name="wsimport-client-AdminWebService" depends="wsimport-init">
        <mkdir dir="${build.generated.dir}/jax-wsCache/AdminWebService"/>
        <property name="wsdl-AdminWebService" location="${meta.inf}/xml-resources/web-service-references/AdminWebService/wsdl/localhost_8080/adminWebService/AdminWebService.wsdl"/>
        <wsimport sourcedestdir="${build.generated.dir}/jax-wsCache/AdminWebService" destdir="${build.generated.dir}/jax-wsCache/AdminWebService" wsdl="${wsdl-AdminWebService}" catalog="catalog.xml" extension="true" verbose="true" wsdlLocation="http://localhost:8080/AdminWebService/AdminWebService?wsdl" xnocompile="true" xendorsed="true" package="admin_ws">
            <depends file="${wsdl-AdminWebService}"/>
            <produces dir="${build.generated.dir}/jax-wsCache/AdminWebService"/>
        </wsimport>
        <copy todir="${build.generated.sources.dir}/jax-ws">
            <fileset dir="${build.generated.dir}/jax-wsCache/AdminWebService">
                <include name="**/*.java"/>
            </fileset>
        </copy>
    </target>
    <target name="wsimport-client-clean-AdminWebService" depends="-init-project">
        <delete dir="${build.generated.dir}/jax-wsCache/AdminWebService"/>
        <delete dir="${build.generated.sources.dir}/jax-ws/admin_ws"/>
    </target>
    <target name="wsimport-client-EditEOCWebService" depends="wsimport-init">
        <mkdir dir="${build.generated.dir}/jax-wsCache/EditEOCWebService"/>
        <property name="wsdl-EditEOCWebService" location="${meta.inf}/xml-resources/web-service-references/EditEOCWebService/wsdl/localhost_8080/EditEOCWebService/EditEOCWebService.wsdl"/>
        <wsimport sourcedestdir="${build.generated.dir}/jax-wsCache/EditEOCWebService" destdir="${build.generated.dir}/jax-wsCache/EditEOCWebService" wsdl="${wsdl-EditEOCWebService}" catalog="catalog.xml" extension="true" verbose="true" wsdlLocation="http://localhost:8080/EditEOCWebService/EditEOCWebService?wsdl" xnocompile="true" xendorsed="true">
            <depends file="${wsdl-EditEOCWebService}"/>
            <produces dir="${build.generated.dir}/jax-wsCache/EditEOCWebService"/>
        </wsimport>
        <copy todir="${build.generated.sources.dir}/jax-ws">
            <fileset dir="${build.generated.dir}/jax-wsCache/EditEOCWebService">
                <include name="**/*.java"/>
            </fileset>
        </copy>
    </target>
    <target name="wsimport-client-clean-EditEOCWebService" depends="-init-project">
        <delete dir="${build.generated.dir}/jax-wsCache/EditEOCWebService"/>
        <delete dir="${build.generated.sources.dir}/jax-ws/hcwebservices"/>
    </target>
    <target name="wsimport-client-DeleteEOCWebService" depends="wsimport-init">
        <mkdir dir="${build.generated.dir}/jax-wsCache/DeleteEOCWebService"/>
        <property name="wsdl-DeleteEOCWebService" location="${meta.inf}/xml-resources/web-service-references/DeleteEOCWebService/wsdl/localhost_8080/DeleteEOCWebService/DeleteEOCWebService.wsdl"/>
        <wsimport sourcedestdir="${build.generated.dir}/jax-wsCache/DeleteEOCWebService" destdir="${build.generated.dir}/jax-wsCache/DeleteEOCWebService" wsdl="${wsdl-DeleteEOCWebService}" catalog="catalog.xml" extension="true" verbose="true" wsdlLocation="http://localhost:8080/DeleteEOCWebService/DeleteEOCWebService?wsdl" xnocompile="true" xendorsed="true">
            <depends file="${wsdl-DeleteEOCWebService}"/>
            <produces dir="${build.generated.dir}/jax-wsCache/DeleteEOCWebService"/>
        </wsimport>
        <copy todir="${build.generated.sources.dir}/jax-ws">
            <fileset dir="${build.generated.dir}/jax-wsCache/DeleteEOCWebService">
                <include name="**/*.java"/>
            </fileset>
        </copy>
    </target>
    <target name="wsimport-client-clean-DeleteEOCWebService" depends="-init-project">
        <delete dir="${build.generated.dir}/jax-wsCache/DeleteEOCWebService"/>
        <delete dir="${build.generated.sources.dir}/jax-ws/hcwebservices"/>
    </target>
    <target name="wsimport-client-generate" depends="wsimport-client-AdminWebService, wsimport-client-EditEOCWebService, wsimport-client-DeleteEOCWebService"/>
</project>
