<?xml version="1.0" encoding="UTF-8"?>
<jax-ws xmlns="http://www.netbeans.org/ns/jax-ws/1">
  <services>
    <service name="AdminWebService">
      <implementation-class>hcWebServices.AdminWebService</implementation-class>
    </service>
    <service name="ViewEOCWebService">
      <implementation-class>hcWebServices.ViewEOCWebService</implementation-class>
    </service>
    <service name="DoctorWebService">
      <implementation-class>hcWebServices.DoctorWebService</implementation-class>
    </service>
    <service name="DeleteEOCWebService">
      <implementation-class>hcWebServices.DeleteEOCWebService</implementation-class>
    </service>
    <service name="EditEOCWebService">
      <implementation-class>hcWebServices.EditEOCWebService</implementation-class>
    </service>
  </services>
  <clients/>
</jax-ws>
