<?xml version="1.0" encoding="UTF-8"?>
<!--
        *** GENERATED FROM jax-ws.xml - DO NOT EDIT !                             ***
        *** TO MODIFY wsimport options USE Web Service node -> Edit WS Attributes ***
        *** TO CHANGE TARGETS GENERATED TO jaxws-build.xml COPY THOSE             ***
        *** TARGETS TO ../build.xml AND MODIFY THAT FILE INSTEAD                  ***

        -->
<project xmlns:xalan="http://xml.apache.org/xslt" xmlns:ejbjarproject2="http://www.netbeans.org/ns/j2ee-ejbjarproject/2" xmlns:jaxws="http://www.netbeans.org/ns/jax-ws/1">
    <!--
                ===================
                JAX-WS WSGEN SECTION
                ===================
            -->
    <target name="wsgen-init" depends="init">
        <mkdir dir="${build.generated.sources.dir}/jax-ws/resources/"/>
        <property name="j2ee.platform.wsgen.classpath" value="${libs.jaxws21.classpath}"/>
        <taskdef name="wsgen" classname="com.sun.tools.ws.ant.WsGen">
            <classpath path="${j2ee.platform.wsgen.classpath}"/>
        </taskdef>
    </target>
    <target name="wsgen-compile" depends="wsgen-AdminWebService, wsgen-ViewEOCWebService, wsgen-DoctorWebService, wsgen-DeleteEOCWebService, wsgen-EditEOCWebService">
        <ejbjarproject2:javac srcdir="${build.generated.sources.dir}/jax-ws" classpath="${j2ee.platform.wsgen.classpath}:${javac.classpath}" destdir="${classes.dir}"/>
    </target>
    <target name="wsgen-AdminWebService" depends="wsgen-init, -do-compile">
        <wsgen destdir="${build.generated.sources.dir}/jax-ws" sourcedestdir="${build.generated.sources.dir}/jax-ws" resourcedestdir="${build.generated.sources.dir}/jax-ws/resources/" verbose="true" xendorsed="true" keep="false" genwsdl="true" sei="hcWebServices.AdminWebService">
            <classpath path="${java.home}/../lib/tools.jar:${classes.dir}:${j2ee.platform.wsgen.classpath}:${javac.classpath}"/>
        </wsgen>
    </target>
    <target name="wsgen-ViewEOCWebService" depends="wsgen-init, -do-compile">
        <wsgen destdir="${build.generated.sources.dir}/jax-ws" sourcedestdir="${build.generated.sources.dir}/jax-ws" resourcedestdir="${build.generated.sources.dir}/jax-ws/resources/" verbose="true" xendorsed="true" keep="false" genwsdl="true" sei="hcWebServices.ViewEOCWebService">
            <classpath path="${java.home}/../lib/tools.jar:${classes.dir}:${j2ee.platform.wsgen.classpath}:${javac.classpath}"/>
        </wsgen>
    </target>
    <target name="wsgen-DoctorWebService" depends="wsgen-init, -do-compile">
        <wsgen destdir="${build.generated.sources.dir}/jax-ws" sourcedestdir="${build.generated.sources.dir}/jax-ws" resourcedestdir="${build.generated.sources.dir}/jax-ws/resources/" verbose="true" xendorsed="true" keep="false" genwsdl="true" sei="hcWebServices.DoctorWebService">
            <classpath path="${java.home}/../lib/tools.jar:${classes.dir}:${j2ee.platform.wsgen.classpath}:${javac.classpath}"/>
        </wsgen>
    </target>
    <target name="wsgen-DeleteEOCWebService" depends="wsgen-init, -do-compile">
        <wsgen destdir="${build.generated.sources.dir}/jax-ws" sourcedestdir="${build.generated.sources.dir}/jax-ws" resourcedestdir="${build.generated.sources.dir}/jax-ws/resources/" verbose="true" xendorsed="true" keep="false" genwsdl="true" sei="hcWebServices.DeleteEOCWebService">
            <classpath path="${java.home}/../lib/tools.jar:${classes.dir}:${j2ee.platform.wsgen.classpath}:${javac.classpath}"/>
        </wsgen>
    </target>
    <target name="wsgen-EditEOCWebService" depends="wsgen-init, -do-compile">
        <wsgen destdir="${build.generated.sources.dir}/jax-ws" sourcedestdir="${build.generated.sources.dir}/jax-ws" resourcedestdir="${build.generated.sources.dir}/jax-ws/resources/" verbose="true" xendorsed="true" keep="false" genwsdl="true" sei="hcWebServices.EditEOCWebService">
            <classpath path="${java.home}/../lib/tools.jar:${classes.dir}:${j2ee.platform.wsgen.classpath}:${javac.classpath}"/>
        </wsgen>
    </target>
    <!--
                ===================
                JAX-WS WSIMPORT SECTION
                ===================
            -->
</project>
