<?xml version="1.0" encoding="UTF-8" standalone="no"?>
<catalog xmlns="urn:oasis:names:tc:entity:xmlns:xml:catalog" prefer="system">
    <system systemId="http://localhost:8080/UserWebService/UserWebService?wsdl" uri="wsdl/localhost_8080/UserWebService/UserWebService.wsdl"/>
    <system systemId="http://localhost:8080/UserWebService/UserWebService?xsd=1" uri="wsdl/localhost_8080/UserWebService/UserWebService.xsd_1.xsd"/>
    <system systemId="http://localhost:8080/TestWebService/TestWebService?wsdl" uri="wsdl/localhost_8080/TestWebService/TestWebService.wsdl"/>
    <system systemId="http://localhost:8080/TestWebService/TestWebService?xsd=1" uri="wsdl/localhost_8080/TestWebService/TestWebService.xsd_1.xsd"/>
    <system systemId="http://localhost:8080/adminWebService/adminWebService?wsdl" uri="wsdl/localhost_8080/adminWebService/adminWebService.wsdl"/>
    <system systemId="http://localhost:8080/adminWebService/adminWebService?xsd=1" uri="wsdl/localhost_8080/adminWebService/adminWebService.xsd_1.xsd"/>
    <system systemId="http://localhost:8080/AdminWebService/AdminWebService?wsdl" uri="wsdl/localhost_8080/adminWebService/AdminWebService.wsdl"/>
    <system systemId="http://localhost:8080/AdminWebService/AdminWebService?xsd=1" uri="wsdl/localhost_8080/adminWebService/AdminWebService.xsd_1.xsd"/>
    <system systemId="http://localhost:8080/EditEOCWebService/EditEOCWebService?wsdl" uri="wsdl/localhost_8080/EditEOCWebService/EditEOCWebService.wsdl"/>
    <system systemId="http://localhost:8080/EditEOCWebService/EditEOCWebService?xsd=1" uri="wsdl/localhost_8080/EditEOCWebService/EditEOCWebService.xsd_1.xsd"/>
    <system systemId="http://localhost:8080/DeleteEOCWebService/DeleteEOCWebService?wsdl" uri="wsdl/localhost_8080/DeleteEOCWebService/DeleteEOCWebService.wsdl"/>
    <system systemId="http://localhost:8080/DeleteEOCWebService/DeleteEOCWebService?xsd=1" uri="wsdl/localhost_8080/DeleteEOCWebService/DeleteEOCWebService.xsd_1.xsd"/>
</catalog>