<?xml version="1.0" encoding="UTF-8" standalone="no"?>
<catalog xmlns="urn:oasis:names:tc:entity:xmlns:xml:catalog" prefer="system">
    <system systemId="http://localhost:8080/PatientWebService/PatientWebService?wsdl" uri="src/conf/xml-resources/web-service-references/PatientWebService/wsdl/localhost_8080/PatientWebService/PatientWebService.wsdl"/>
    <system systemId="http://localhost:8080/PatientWebService/PatientWebService?xsd=1" uri="src/conf/xml-resources/web-service-references/PatientWebService/wsdl/localhost_8080/PatientWebService/PatientWebService.xsd_1.xsd"/>
    <system systemId="http://localhost:8080/EOCWebService/EOCWebService?wsdl" uri="src/conf/xml-resources/web-service-references/EOCWebService/wsdl/localhost_8080/EOCWebService/EOCWebService.wsdl"/>
    <system systemId="http://localhost:8080/EOCWebService/EOCWebService?xsd=1" uri="src/conf/xml-resources/web-service-references/EOCWebService/wsdl/localhost_8080/EOCWebService/EOCWebService.xsd_1.xsd"/>
    <system systemId="http://localhost:8080/DoctorWebService/DoctorWebService?wsdl" uri="src/conf/xml-resources/web-service-references/DoctorWebService/wsdl/localhost_8080/DoctorWebService/DoctorWebService.wsdl"/>
    <system systemId="http://localhost:8080/DoctorWebService/DoctorWebService?xsd=1" uri="src/conf/xml-resources/web-service-references/DoctorWebService/wsdl/localhost_8080/DoctorWebService/DoctorWebService.xsd_1.xsd"/>
    <system systemId="http://localhost:8080/ViewEOCWebService/ViewEOCWebService?wsdl" uri="src/conf/xml-resources/web-service-references/ViewEOCWebService/wsdl/localhost_8080/ViewEOCWebService/ViewEOCWebService.wsdl"/>
    <system systemId="http://localhost:8080/ViewEOCWebService/ViewEOCWebService?xsd=1" uri="src/conf/xml-resources/web-service-references/ViewEOCWebService/wsdl/localhost_8080/ViewEOCWebService/ViewEOCWebService.xsd_1.xsd"/>
    <system systemId="http://localhost:8080/DeleteEOCWebService/DeleteEOCWebService?wsdl" uri="src/conf/xml-resources/web-service-references/DeleteEOCWebService/wsdl/localhost_8080/DeleteEOCWebService/DeleteEOCWebService.wsdl"/>
    <system systemId="http://localhost:8080/DeleteEOCWebService/DeleteEOCWebService?xsd=1" uri="src/conf/xml-resources/web-service-references/DeleteEOCWebService/wsdl/localhost_8080/DeleteEOCWebService/DeleteEOCWebService.xsd_1.xsd"/>
    <system systemId="http://localhost:8080/EditEOCWebService/EditEOCWebService?wsdl" uri="src/conf/xml-resources/web-service-references/EditEOCWebService/wsdl/localhost_8080/EditEOCWebService/EditEOCWebService.wsdl"/>
    <system systemId="http://localhost:8080/EditEOCWebService/EditEOCWebService?xsd=1" uri="src/conf/xml-resources/web-service-references/EditEOCWebService/wsdl/localhost_8080/EditEOCWebService/EditEOCWebService.xsd_1.xsd"/>
</catalog>